major_version__v,source
1,Migration
2,Migration
3,Migration
4,Migration
1,Migration
2,Migration
3,Migration
4,Migration
1,Migration
2,Migration
3,Migration
4,Migration
1,Migration
2,Migration
3,Migration
4,Migration
1,Migration
2,Migration
3,Migration
4,Migration
1,Migration
2,Migration
3,Migration
4,Migration
1,Migration
2,Migration
3,Migration
4,Migration
1,Migration
2,Migration
3,Migration
4,Migration
1,Migration
2,Migration
3,Migration
4,Migration
1,Migration
2,Migration
3,Migration
4,Migration
1,Migration
2,Migration
3,Migration
4,Migration
1,Migration
2,Migration
3,Migration
4,Migration
1,Migration
2,Migration
3,Migration
4,Migration
1,Migration
2,Migration
3,Migration
4,Migration
1,Migration
2,Migration
3,Migration
4,Migration
1,Migration
2,Migration
3,Migration
4,Migration
1,Migration
2,Migration
3,Migration
4,Migration
1,Migration
2,Migration
3,Migration
4,Migration
1,Migration
2,Migration
3,Migration
4,Migration
1,Migration
2,Migration
3,Migration
4,Migration
1,Migration
2,Migration
3,Migration
4,Migration
1,Migration
2,Migration
3,Migration
4,Migration
1,Migration
2,Migration
3,Migration
4,Migration
1,Migration
2,Migration
3,Migration
4,Migration
1,Migration
2,Migration
3,Migration
4,Migration
1,Migration
2,Migration
3,Migration
4,Migration
1,Migration
2,Migration
3,Migration
4,Migration
1,Migration
2,Migration
3,Migration
4,Migration
1,Migration
2,Migration
3,Migration
4,Migration
1,Migration
2,Migration
3,Migration
4,Migration
1,Migration
2,Migration
3,Migration
4,Migration
1,Migration
2,Migration
3,Migration
4,Migration
1,Migration
2,Migration
3,Migration
4,Migration
1,Migration
2,Migration
3,Migration
4,Migration
1,Migration
2,Migration
3,Migration
4,Migration
1,Migration
2,Migration
3,Migration
4,Migration
1,Migration
2,Migration
3,Migration
4,Migration
1,Migration
2,Migration
3,Migration
4,Migration
1,Migration
2,Migration
3,Migration
4,Migration
1,Migration
2,Migration
3,Migration
4,Migration
1,Migration
2,Migration
3,Migration
4,Migration
1,Migration
2,Migration
3,Migration
4,Migration
1,Migration
2,Migration
3,Migration
4,Migration
1,Migration
2,Migration
3,Migration
4,Migration
1,Migration
2,Migration
3,Migration
4,Migration
1,Migration
2,Migration
3,Migration
4,Migration
1,Migration
2,Migration
3,Migration
4,Migration
1,Migration
2,Migration
3,Migration
4,Migration
1,Migration
2,Migration
3,Migration
4,Migration
1,Migration
2,Migration
3,Migration
4,Migration
1,Migration
2,Migration
3,Migration
4,Migration
1,Migration
2,Migration
3,Migration
4,Migration
1,Migration
2,Migration
3,Migration
4,Migration
1,Migration
2,Migration
3,Migration
4,Migration
1,Migration
2,Migration
3,Migration
4,Migration
1,Migration
2,Migration
3,Migration
4,Migration
1,Migration
2,Migration
3,Migration
4,Migration
1,Migration
2,Migration
3,Migration
4,Migration
1,Migration
2,Migration
3,Migration
4,Migration
1,Migration
2,Migration
3,Migration
4,Migration
1,Migration
2,Migration
3,Migration
4,Migration
1,Migration
2,Migration
3,Migration
4,Migration
1,Migration
2,Migration
3,Migration
4,Migration
1,Migration
2,Migration
3,Migration
4,Migration
1,Migration
2,Migration
3,Migration
4,Migration
1,Migration
2,Migration
3,Migration
4,Migration
1,Migration
2,Migration
3,Migration
4,Migration
1,Migration
2,Migration
3,Migration
4,Migration
1,Migration
2,Migration
3,Migration
4,Migration
1,Migration
2,Migration
3,Migration
4,Migration
1,Migration
2,Migration
3,Migration
4,Migration
1,Migration
2,Migration
3,Migration
4,Migration
1,Migration
2,Migration
3,Migration
4,Migration
1,Migration
2,Migration
3,Migration
4,Migration
1,Migration
2,Migration
3,Migration
4,Migration
1,Migration
2,Migration
3,Migration
4,Migration
1,Migration
2,Migration
3,Migration
4,Migration
1,Migration
2,Migration
3,Migration
4,Migration
1,Migration
2,Migration
3,Migration
4,Migration
1,Migration
2,Migration
3,Migration
4,Migration
1,Migration
2,Migration
3,Migration
4,Migration
1,Migration
2,Migration
3,Migration
4,Migration
1,Migration
2,Migration
3,Migration
4,Migration
1,Migration
2,Migration
3,Migration
4,Migration
1,Migration
2,Migration
3,Migration
4,Migration
1,Migration
2,Migration
3,Migration
4,Migration
1,Migration
2,Migration
3,Migration
4,Migration
1,Migration
2,Migration
3,Migration
4,Migration
1,Migration
2,Migration
3,Migration
4,Migration
1,Migration
2,Migration
3,Migration
4,Migration
1,Migration
2,Migration
3,Migration
4,Migration
1,Migration
2,Migration
3,Migration
4,Migration
1,Migration
2,Migration
3,Migration
4,Migration
1,Migration
2,Migration
3,Migration
4,Migration
1,Migration
2,Migration
3,Migration
4,Migration
1,Migration
2,Migration
3,Migration
4,Migration
1,Migration
2,Migration
3,Migration
4,Migration
1,Migration
2,Migration
3,Migration
4,Migration
1,Migration
2,Migration
3,Migration
4,Migration
1,Migration
2,Migration
3,Migration
4,Migration
1,Migration
2,Migration
3,Migration
4,Migration
1,Migration
2,Migration
3,Migration
4,Migration
1,Migration
2,Migration
3,Migration
4,Migration
1,Migration
2,Migration
3,Migration
4,Migration
1,Migration
2,Migration
3,Migration
4,Migration
1,Migration
2,Migration
3,Migration
4,Migration
1,Migration
2,Migration
3,Migration
4,Migration
1,Migration
2,Migration
3,Migration
4,Migration
1,Migration
2,Migration
3,Migration
4,Migration
1,Migration
2,Migration
3,Migration
4,Migration
1,Migration
2,Migration
3,Migration
4,Migration
1,Migration
2,Migration
3,Migration
4,Migration
1,Migration
2,Migration
3,Migration
4,Migration
1,Migration
2,Migration
3,Migration
4,Migration
1,Migration
2,Migration
3,Migration
4,Migration
1,Migration
2,Migration
3,Migration
4,Migration
1,Migration
2,Migration
3,Migration
4,Migration
1,Migration
2,Migration
3,Migration
4,Migration
1,Migration
2,Migration
3,Migration
4,Migration
1,Migration
2,Migration
3,Migration
4,Migration
1,Migration
2,Migration
3,Migration
4,Migration
1,Migration
2,Migration
3,Migration
4,Migration
1,Migration
2,Migration
3,Migration
4,Migration
1,Migration
2,Migration
3,Migration
4,Migration
1,Migration
2,Migration
3,Migration
4,Migration
1,Migration
2,Migration
3,Migration
4,Migration
1,Migration
2,Migration
3,Migration
4,Migration
1,Migration
2,Migration
3,Migration
4,Migration
1,Migration
2,Migration
3,Migration
4,Migration
1,Migration
2,Migration
3,Migration
4,Migration
1,Migration
2,Migration
3,Migration
4,Migration
1,Migration
2,Migration
3,Migration
4,Migration
1,Migration
2,Migration
3,Migration
4,Migration
1,Migration
2,Migration
3,Migration
4,Migration
1,Migration
2,Migration
3,Migration
4,Migration
1,Migration
2,Migration
3,Migration
4,Migration
1,Migration
2,Migration
3,Migration
4,Migration
1,Migration
2,Migration
3,Migration
4,Migration
1,Migration
2,Migration
3,Migration
4,Migration
1,Migration
2,Migration
3,Migration
4,Migration
1,Migration
2,Migration
3,Migration
4,Migration
1,Migration
2,Migration
3,Migration
4,Migration
1,Migration
2,Migration
3,Migration
4,Migration
1,Migration
2,Migration
3,Migration
4,Migration
1,Migration
2,Migration
3,Migration
4,Migration
1,Migration
2,Migration
3,Migration
4,Migration
1,Migration
2,Migration
3,Migration
4,Migration
1,Migration
2,Migration
3,Migration
4,Migration
1,Migration
2,Migration
3,Migration
4,Migration
1,Migration
2,Migration
3,Migration
4,Migration
1,Migration
2,Migration
3,Migration
4,Migration
1,Migration
2,Migration
3,Migration
4,Migration
1,Migration
2,Migration
3,Migration
4,Migration
1,Migration
2,Migration
3,Migration
4,Migration
1,Migration
2,Migration
3,Migration
4,Migration
1,Migration
2,Migration
3,Migration
4,Migration
1,Migration
2,Migration
3,Migration
4,Migration
1,Migration
2,Migration
3,Migration
4,Migration
1,Migration
2,Migration
3,Migration
4,Migration
1,Migration
2,Migration
3,Migration
4,Migration
1,Migration
2,Migration
3,Migration
4,Migration
1,Migration
2,Migration
3,Migration
4,Migration
1,Migration
2,Migration
3,Migration
4,Migration
1,Migration
2,Migration
3,Migration
4,Migration
1,Migration
2,Migration
3,Migration
4,Migration
1,Migration
2,Migration
3,Migration
4,Migration
1,Migration
2,Migration
3,Migration
4,Migration
1,Migration
2,Migration
3,Migration
4,Migration
1,Migration
2,Migration
3,Migration
4,Migration
1,Migration
2,Migration
3,Migration
4,Migration
1,Migration
2,Migration
3,Migration
4,Migration
1,Migration
2,Migration
3,Migration
4,Migration
1,Migration
2,Migration
3,Migration
4,Migration
1,Migration
2,Migration
3,Migration
4,Migration
1,Migration
2,Migration
3,Migration
4,Migration
1,Migration
2,Migration
3,Migration
4,Migration
1,Migration
2,Migration
3,Migration
4,Migration
1,Migration
2,Migration
3,Migration
4,Migration
1,Migration
2,Migration
3,Migration
4,Migration
1,Migration
2,Migration
3,Migration
4,Migration
1,Migration
2,Migration
3,Migration
4,Migration
1,Migration
2,Migration
3,Migration
4,Migration
1,Migration
2,Migration
3,Migration
4,Migration
1,Migration
2,Migration
3,Migration
4,Migration
1,Migration
2,Migration
3,Migration
4,Migration
1,Migration
2,Migration
3,Migration
4,Migration
1,Migration
2,Migration
3,Migration
4,Migration
1,Migration
2,Migration
3,Migration
4,Migration
1,Migration
2,Migration
3,Migration
4,Migration
1,Migration
2,Migration
3,Migration
4,Migration
1,Migration
2,Migration
3,Migration
4,Migration
1,Migration
2,Migration
3,Migration
4,Migration
1,Migration
2,Migration
3,Migration
4,Migration
1,Migration
2,Migration
3,Migration
4,Migration
1,Migration
2,Migration
3,Migration
4,Migration
1,Migration
2,Migration
3,Migration
4,Migration
1,Migration
2,Migration
3,Migration
4,Migration
1,Migration
2,Migration
3,Migration
4,Migration
1,Migration
2,Migration
3,Migration
4,Migration
1,Migration
2,Migration
3,Migration
4,Migration
1,Migration
2,Migration
3,Migration
4,Migration
1,Migration
2,Migration
3,Migration
4,Migration
1,Migration
2,Migration
3,Migration
4,Migration
1,Migration
2,Migration
3,Migration
4,Migration
1,Migration
2,Migration
3,Migration
4,Migration
1,Migration
2,Migration
3,Migration
4,Migration
1,Migration
2,Migration
3,Migration
4,Migration
1,Migration
2,Migration
3,Migration
4,Migration
1,Migration
2,Migration
3,Migration
4,Migration
1,Migration
2,Migration
3,Migration
4,Migration
1,Migration
2,Migration
3,Migration
4,Migration
1,Migration
2,Migration
3,Migration
4,Migration
1,Migration
2,Migration
3,Migration
4,Migration
1,Migration
2,Migration
3,Migration
4,Migration
1,Migration
2,Migration
3,Migration
4,Migration
1,Migration
2,Migration
3,Migration
4,Migration
1,Migration
2,Migration
3,Migration
4,Migration
1,Migration
2,Migration
3,Migration
4,Migration
1,Migration
2,Migration
3,Migration
4,Migration
1,Migration
2,Migration
3,Migration
4,Migration
1,Migration
2,Migration
3,Migration
4,Migration
1,Migration
2,Migration
3,Migration
4,Migration
1,Migration
2,Migration
3,Migration
4,Migration
1,Migration
2,Migration
3,Migration
4,Migration
1,Migration
2,Migration
3,Migration
4,Migration
1,Migration
2,Migration
3,Migration
4,Migration
1,Migration
2,Migration
3,Migration
4,Migration
1,Migration
2,Migration
3,Migration
4,Migration
1,Migration
2,Migration
3,Migration
4,Migration
1,Migration
2,Migration
3,Migration
4,Migration
1,Migration
2,Migration
3,Migration
4,Migration
1,Migration
2,Migration
3,Migration
4,Migration
1,Migration
2,Migration
3,Migration
4,Migration
1,Migration
2,Migration
3,Migration
4,Migration
1,Migration
2,Migration
3,Migration
4,Migration
1,Migration
2,Migration
3,Migration
4,Migration
1,Migration
2,Migration
3,Migration
4,Migration
1,Migration
2,Migration
3,Migration
4,Migration
1,Migration
2,Migration
3,Migration
4,Migration
1,Migration
2,Migration
3,Migration
4,Migration
1,Migration
2,Migration
3,Migration
4,Migration
1,Migration
2,Migration
3,Migration
4,Migration
1,Migration
2,Migration
3,Migration
4,Migration
1,Migration
2,Migration
3,Migration
4,Migration
1,Migration
2,Migration
3,Migration
4,Migration
1,Migration
2,Migration
3,Migration
4,Migration
1,Migration
2,Migration
3,Migration
4,Migration
1,Migration
2,Migration
3,Migration
4,Migration
1,Migration
2,Migration
3,Migration
4,Migration
1,Migration
2,Migration
3,Migration
4,Migration
